,RestaurantName,AddressVicinity,PriceLevel,Rating,BusinessStatus,LatLong
0,Lost Dog Cafe - South Arlington,"2920 Columbia Pike, Arlington",2.0,4.4,OPERATIONAL,"38.86227119999999,-77.0875937"
1,Bob & Edith's Diner,"2310 Columbia Pike, Arlington",1.0,4.4,OPERATIONAL,"38.863615,-77.08224"
2,Burger King,"3627 Columbia Pike, Arlington",1.0,4.0,OPERATIONAL,"38.8607373,-77.09486849999999"
3,Sicilian Pizza,"923 South Walter Reed Drive, Arlington",1.0,4.4,OPERATIONAL,"38.8630417,-77.0868574"
4,Papa John's Pizza,"3233a Columbia Pike Ste A, Arlington",1.0,3.8,OPERATIONAL,"38.861805,-77.09105009999999"
5,William Jeffrey's Tavern,"2301 Columbia Pike, Arlington",2.0,4.3,OPERATIONAL,"38.86376799999999,-77.08304"
6,THE SALSA ROOM,"2619 Columbia Pike, Arlington",2.0,3.8,OPERATIONAL,"38.8630915,-77.0858982"
7,Subway,"3045 Columbia Pike, Arlington",1.0,3.7,OPERATIONAL,"38.86239519999999,-77.0890048"
8,Thai Square,"3217 Columbia Pike, Arlington",2.0,4.5,OPERATIONAL,"38.861785,-77.09064699999999"
9,Ledo Pizza,"1035 South Edgewood Street, Arlington",2.0,4.0,OPERATIONAL,"38.86205,-77.08604000000001"
10,Domino's Pizza,"2602 Columbia Pike, Arlington",1.0,2.6,OPERATIONAL,"38.8627267,-77.08539429999999"
11,Potomac Restaurant & Lounge,"900 South Orme Street, Arlington",2.0,2.7,OPERATIONAL,"38.8669238,-77.0727009"
12,Atilla's Restaurant,"2705 Columbia Pike, Arlington",1.0,4.5,OPERATIONAL,"38.8629259,-77.0860326"
13,L.A. Bar & Grill,"2530 Columbia Pike, Arlington",1.0,4.4,OPERATIONAL,"38.8628666,-77.0846558"
14,Taqueria el Poblano,"2401 Columbia Pike, Arlington",2.0,4.1,OPERATIONAL,"38.8636214,-77.0834988"
15,Dama Pastry & Cafe,"1505 Columbia Pike, Arlington",2.0,4.5,OPERATIONAL,"38.8670391,-77.07070039999999"
16,Top's China,"2520 Columbia Pike, Arlington",1.0,4.2,OPERATIONAL,"38.8629037,-77.0843869"
17,Dunkin',"3100 Columbia Pike, Arlington",1.0,3.4,OPERATIONAL,"38.8617752,-77.0888611"
18,Shell,"3100 Columbia Pike, Arlington",2.0,3.5,OPERATIONAL,"38.86193,-77.0887298"
19,Bangkok 54 Restaurant,"2919 Columbia Pike, Arlington",2.0,4.5,OPERATIONAL,"38.8625917,-77.08764719999999"
20,Peking Gourmet Inn,"6029 Leesburg Pike, Falls Church",2.0,4.4,OPERATIONAL,"38.855266,-77.13963460000001"
21,Olive Garden Italian Restaurant,"3548 South Jefferson Street #52, Falls Church",2.0,4.2,OPERATIONAL,"38.84699069999999,-77.11894110000001"
22,Bamian Restaurant,"5634 Leesburg Pike, Falls Church",2.0,4.0,OPERATIONAL,"38.84938229999999,-77.1262003"
23,la Madeleine French Bakery & Cafe Bailey's Crossroads,"5861 Crossroads Center Way, Bailey's Crossroads",2.0,4.2,OPERATIONAL,"38.85223,-77.130158"
24,Raaga Restaurant,"5872 Leesburg Pike, Falls Church",2.0,4.1,OPERATIONAL,"38.8532219,-77.13343809999999"
25,Subway,"5898 Leesburg Pike, Falls Church",1.0,3.9,OPERATIONAL,"38.8544364,-77.13504669999999"
26,Meaza Restaurant,"5700 Columbia Pike, Falls Church",2.0,4.2,OPERATIONAL,"38.852013,-77.12680900000001"
27,Duangrat's Thai Restaurant,"5878 Leesburg Pike, Falls Church",2.0,4.5,OPERATIONAL,"38.853429,-77.133983"
28,Dunkin',"5701 Columbia Pike, Falls Church",1.0,3.4,OPERATIONAL,"38.851293,-77.12582019999999"
29,Edy's Chicken & Steak Restaurant,"5240 Leesburg Pike, Bailey's Crossroads",1.0,4.3,OPERATIONAL,"38.84642030000001,-77.1177292"
30,Jerusalem Mediterranean Restaurant & Catering,"3400 Washington Drive unit a, Falls Church",2.0,4.2,OPERATIONAL,"38.85302659999999,-77.1345182"
31,Einstein Bros. Bagels,"3556D South Jefferson Street, Falls Church",1.0,3.6,OPERATIONAL,"38.84787060000001,-77.12075519999999"
32,Full Kee Restaurant,"5830 Columbia Pike, Falls Church",2.0,3.9,OPERATIONAL,"38.84941529999999,-77.13240859999999"
33,Panera Bread,"5857 Leesburg Pike, Bailey's Crossroads",2.0,4.0,OPERATIONAL,"38.851525,-77.132147"
34,Papa John's Pizza,"5860 Columbia Pike, Falls Church",1.0,3.2,OPERATIONAL,"38.8485854,-77.13467279999999"
35,City Diner,"5616 Leesburg Pike, Falls Church",1.0,4.4,OPERATIONAL,"38.8488789,-77.1251024"
36,Babylon Futbol Cafe,"3501 South Jefferson Street, Falls Church",2.0,4.1,OPERATIONAL,"38.848859,-77.117358"
37,Dairy Queen,"3527 South Jefferson Street, Falls Church",1.0,4.1,OPERATIONAL,"38.847669,-77.1173421"
38,"Fairouz Lounge, Sports Bar & Restaurant","3815 South George Mason Drive, Falls Church",2.0,4.4,OPERATIONAL,"38.8411994,-77.11937"
39,Pizza Hut,"5815 Leesburg Pike, Falls Church",1.0,3.2,OPERATIONAL,"38.8497443,-77.1326266"
40,Kohinoor Dhaba Inc.,"2800 South Eads Street, Arlington",1.0,4.0,OPERATIONAL,"38.847734,-77.053865"
41,The Birchmere,"3701 Mount Vernon Avenue, Alexandria",,4.6,OPERATIONAL,"38.83886800000001,-77.0620792"
42,Cheesetique Del Ray,"2411 Mount Vernon Avenue, Alexandria",2.0,4.6,OPERATIONAL,"38.8273059,-77.0587415"
43,Hops Grill & Brewery,"3625 Richmond Highway, Alexandria",2.0,3.9,OPERATIONAL,"38.8375437,-77.05115669999999"
44,Subway,"3825 Jefferson Davis Highway Suite B, Alexandria",1.0,3.8,OPERATIONAL,"38.83889659999999,-77.0515672"
45,Evening Star Cafe,"2000 Mount Vernon Avenue, Alexandria",2.0,4.5,OPERATIONAL,"38.8239944,-77.0585361"
46,Rustico Alexandria,"827 Slaters Lane, Alexandria",2.0,4.3,OPERATIONAL,"38.821692,-77.04714899999999"
47,IHOP,"3425-A, Richmond Highway, Alexandria",1.0,4.1,OPERATIONAL,"38.8358319,-77.0511844"
48,Pork Barrel BBQ,"2312 Mount Vernon Avenue, Alexandria",2.0,4.4,OPERATIONAL,"38.82676079999999,-77.05896609999999"
49,RT's Restaurant,"3804 Mount Vernon Avenue, Alexandria",2.0,4.6,OPERATIONAL,"38.83947850000001,-77.06271559999999"
50,Taqueria el Poblano,"2400 Mount Vernon Avenue, Alexandria",1.0,4.4,OPERATIONAL,"38.82701050000001,-77.0590323"
51,Del Ray Pizzeria,"2218 Mount Vernon Avenue, Alexandria",2.0,4.4,OPERATIONAL,"38.8259895,-77.0587962"
52,Paisano's,"3650 South Glebe Road #185, Arlington",1.0,3.4,OPERATIONAL,"38.8423206,-77.0509492"
53,Del Ray Café,"205 East Howell Avenue, Alexandria",2.0,4.6,OPERATIONAL,"38.8238108,-77.0576903"
54,Dunkin',"3325 Jefferson Davis Highway, Alexandria",1.0,3.5,OPERATIONAL,"38.8351103,-77.0509732"
55,Starbucks,"3825 C, Virginia 110, Alexandria",2.0,3.9,OPERATIONAL,"38.838861,-77.051705"
56,Popeyes Louisiana Kitchen,"3402 Mount Vernon Avenue, Alexandria",1.0,3.7,OPERATIONAL,"38.8357682,-77.0612129"
57,Papa John's Pizza,"4106 Mount Vernon Avenue, Alexandria",1.0,3.4,OPERATIONAL,"38.84346029999999,-77.06478969999999"
58,O'Malley's,"2650 Richmond Highway, Arlington",,3.5,CLOSED_TEMPORARILY,"38.84961630000001,-77.05338809999999"
59,Bozzelli's,"2600 Crystal Drive, Arlington",,4.5,OPERATIONAL,"38.849324,-77.0511612"
60,Meridian Pint,"6035 Wilson Boulevard, Arlington",2.0,4.4,OPERATIONAL,"38.8739519,-77.1405619"
61,Dogfish Head Alehouse,"6220 Leesburg Pike Seven Corners, Center, Falls Church",2.0,4.4,OPERATIONAL,"38.867625,-77.15154179999999"
62,Red Robin Gourmet Burgers and Brews,"6331 Seven Corners Center, Falls Church",2.0,4.1,OPERATIONAL,"38.8701035,-77.1535943"
63,Subway,"6138 Arlington Boulevard Unit 20, Falls Church",1.0,3.5,OPERATIONAL,"38.86917129999999,-77.14582229999999"
64,Hong Kong Palace,"6387 Seven Corners Center, Falls Church",2.0,4.2,OPERATIONAL,"38.86705449999999,-77.150561"
65,Chick-fil-A,"6108C Arlington Boulevard, Falls Church",1.0,4.5,OPERATIONAL,"38.8686548,-77.14417809999999"
66,Padaek,"6395 Seven Corners Center, Falls Church",2.0,4.6,OPERATIONAL,"38.8672007,-77.1503391"
67,Domino's Pizza,"6138 Arlington Boulevard # C, Falls Church",1.0,3.0,OPERATIONAL,"38.869159,-77.14584049999999"
68,Pizza Boli's,"6033 Wilson Boulevard, Arlington",1.0,3.9,OPERATIONAL,"38.873933,-77.14038699999999"
69,Nhu Lan Sandwich Shop,"6763 Wilson Boulevard, Falls Church",,4.2,OPERATIONAL,"38.8742862,-77.1546158"
70,Huong Viet Restaurant,"6785 Wilson Boulevard, Falls Church",1.0,4.2,OPERATIONAL,"38.873624,-77.15499899999999"
71,Pizza Hut,"6379 Seven Corners Center, Falls Church",1.0,2.4,OPERATIONAL,"38.8669306,-77.1507909"
72,Allspice Catering,"6017 Wilson Boulevard, Arlington",,4.3,OPERATIONAL,"38.8740499,-77.13982039999999"
73,Starbucks,"6270 Seven Corners Place, Falls Church",2.0,4.4,OPERATIONAL,"38.869627,-77.151657"
74,Banh Cuon Saigon,"6795 Wilson Boulevard #54, Falls Church",1.0,4.6,OPERATIONAL,"38.87307499999999,-77.1550306"
75,Com Tam Saigon,"6795 Wilson Boulevard # 16, Falls Church",,3.8,OPERATIONAL,"38.8728407,-77.15460949999999"
76,Chipotle Mexican Grill,"6299 Seven Corners Center, Falls Church",1.0,4.0,OPERATIONAL,"38.8704999,-77.15305409999999"
77,XO Taste Restaurant,"6124 Arlington Boulevard, Falls Church",2.0,3.9,OPERATIONAL,"38.8699734,-77.1452468"
78,Luna Nueva Restaurant,"6621 Wilson Boulevard, Falls Church",,4.4,OPERATIONAL,"38.8737824,-77.1515795"
79,Cha Lua Ngoc Hung,"6799 Wilson Boulevard #2, Falls Church",,3.8,OPERATIONAL,"38.8730818,-77.15384519999999"
80,The Georgetown Inn,"1310 Wisconsin Avenue Northwest, Washington",,4.3,OPERATIONAL,"38.9071451,-77.0634077"
81,Sequoia DC,"3000 K Street Northwest, Washington",3.0,4.3,OPERATIONAL,"38.90255370000001,-77.0601033"
82,Farmers Fishers Bakers,"Harbour at The Georgetown Waterfront, 3000 K St NW, The Washington, Washington",2.0,4.3,OPERATIONAL,"38.9017107,-77.0597275"
83,Filomena Ristorante,"1063 Wisconsin Avenue Northwest, Washington",3.0,4.6,OPERATIONAL,"38.9044333,-77.0626333"
84,Clyde's of Georgetown,"3236 M Street Northwest, Washington",2.0,4.4,OPERATIONAL,"38.9050182,-77.0640641"
85,sweetgreen,"1044 Wisconsin Avenue Northwest, Washington",2.0,4.2,OPERATIONAL,"38.9038001,-77.0629713"
86,Peacock Café,"3251 Prospect Street Northwest, Washington",2.0,4.4,OPERATIONAL,"38.906237,-77.06386669999999"
87,Kafe Leopold Restaurant,"3315 Cady's Alley Northwest, Washington",2.0,4.3,OPERATIONAL,"38.9049153,-77.0665236"
88,Roof Terrace Restaurant,"2700 F Street Northwest, Washington",3.0,4.0,CLOSED_TEMPORARILY,"38.89524139999999,-77.0559464"
89,1789,"1226 36th Street Northwest, Washington",4.0,4.6,OPERATIONAL,"38.9060732,-77.0704882"
90,Ragtime,"1345 North Courthouse Road, Arlington",2.0,4.4,OPERATIONAL,"38.8894074,-77.08345419999999"
91,Cafe Milano,"3251 Prospect Street Northwest, Washington",3.0,4.4,OPERATIONAL,"38.9062444,-77.06364719999999"
92,Vantage Point Restaurant,"1900 Fort Myer Drive, Arlington",2.0,3.8,OPERATIONAL,"38.897674,-77.073071"
93,Bayou Bakery,"1515 North Courthouse Road, Arlington",1.0,4.3,OPERATIONAL,"38.8910756,-77.0836882"
94,Ireland's Four Courts,"2051 Wilson Boulevard, Arlington",2.0,4.4,OPERATIONAL,"38.8919329,-77.08420989999999"
95,Tony and Joe's Seafood Place,"3000 K Street Northwest, Washington",3.0,4.1,OPERATIONAL,"38.9013215,-77.05967319999999"
96,Johnny Rockets,"3131 M Street Northwest, Washington",2.0,4.0,CLOSED_TEMPORARILY,"38.9054721,-77.06204509999999"
97,Arlington Rooftop Bar & Grill,"2424 Wilson Boulevard, Arlington",2.0,4.0,OPERATIONAL,"38.89042799999999,-77.088262"
98,Martin's Tavern,"1264 Wisconsin Avenue Northwest, Washington",2.0,4.6,OPERATIONAL,"38.9067309,-77.0632047"
99,El Centro,"1218 Wisconsin Avenue Northwest, Washington",2.0,4.0,OPERATIONAL,"38.9056917,-77.0630444"
101,Quarterdeck,"1200 Fort Myer Drive, Arlington",2.0,4.4,OPERATIONAL,"38.8879918,-77.07581200000001"
102,Chipotle Mexican Grill,"1735 N Lynn St Lbby 15, Rosslyn",1.0,4.2,OPERATIONAL,"38.89532739999999,-77.0705265"
103,Chopt Creative Salad Co.,"1735 North Lynn Street, Arlington",2.0,4.1,OPERATIONAL,"38.8960673,-77.070636"
104,Così,"1801 North Lynn Street, Arlington",1.0,3.8,OPERATIONAL,"38.896918,-77.07070000000002"
105,Starbucks,"1735 North Lynn Street #020, Arlington",2.0,3.6,OPERATIONAL,"38.8961875,-77.07060129999999"
106,Starbucks,"1501 17th Street North, Rosslyn",2.0,4.0,OPERATIONAL,"38.894115,-77.073993"
107,Kanpai Restaurant,"1401 Wilson Boulevard, Arlington",2.0,3.8,OPERATIONAL,"38.8956107,-77.0736215"
108,Roti Modern Mediterranean,"1501 Wilson Boulevard, Arlington",1.0,4.2,CLOSED_TEMPORARILY,"38.8951491,-77.0740445"
109,Jimmy John's,"1512 Clarendon Boulevard, Arlington",1.0,3.7,OPERATIONAL,"38.89374889999999,-77.0744775"
110,Panera Bread,"1700 North Moore Street Suite 110, Arlington",2.0,3.6,OPERATIONAL,"38.8955861,-77.0716386"
111,City House,"1325 Wilson Boulevard, Arlington",3.0,3.4,OPERATIONAL,"38.8951238,-77.07289589999999"
112,Tom Yum District,"1515 Wilson Boulevard, Arlington",1.0,4.1,CLOSED_TEMPORARILY,"38.89485760000001,-77.07439719999999"
113,Metro Halal Food Cart,"1687 North Lynn Street, Arlington",1.0,4.9,OPERATIONAL,"38.8941338,-77.0707662"
114,Ahra Cafe & Sandwich,"1100 Wilson Boulevard, Arlington",1.0,4.6,OPERATIONAL,"38.8947171,-77.0702878"
115,Potbelly Sandwich Shop,"1735 North Lynn Street #112, Arlington",1.0,4.0,OPERATIONAL,"38.8955179,-77.07060349999999"
116,Wiseguy Pizza,"1735 North Lynn Street, Arlington",1.0,4.4,OPERATIONAL,"38.8963155,-77.0706462"
117,McDonald's,"1800 North Lynn Street, Arlington",1.0,3.8,OPERATIONAL,"38.8961556,-77.0712796"
118,District Taco,"1500 Wilson Boulevard Suite 102, Arlington",1.0,4.3,OPERATIONAL,"38.8943981,-77.07459419999999"
119,sweetgreen,"1800 North Lynn Street, Arlington",2.0,4.6,OPERATIONAL,"38.89631969999999,-77.0710847"
120,The Cheesecake Factory,"2900 Clarendon Boulevard, Arlington",2.0,4.2,OPERATIONAL,"38.8879346,-77.0934824"
121,The Liberty Tavern,"3195 Wilson Boulevard, Arlington",2.0,4.4,OPERATIONAL,"38.8863802,-77.09687459999999"
122,Whitlow's On Wilson,"2854 Wilson Boulevard, Arlington",1.0,4.3,OPERATIONAL,"38.88865690000001,-77.0929792"
123,Northside Social Coffee & Wine,"3211 Wilson Boulevard, Arlington",2.0,4.6,OPERATIONAL,"38.88543019999999,-77.0978427"
124,Silver Diner,"3200 Wilson Boulevard, Arlington",2.0,4.3,OPERATIONAL,"38.8855034,-77.0971534"
125,Uncle Julio's,"4301 Fairfax Drive #100, Arlington",2.0,4.2,OPERATIONAL,"38.882431,-77.112983"
126,Vocelli Pizza,"2626 North Pershing Drive, Arlington",1.0,3.8,OPERATIONAL,"38.8805986,-77.0898443"
127,P.F. Chang's,"901 North Glebe Road, Arlington",2.0,3.9,OPERATIONAL,"38.8811115,-77.1150541"
128,Buffalo Wild Wings,"950 North Glebe Road #130, Arlington",2.0,3.3,OPERATIONAL,"38.88151610000001,-77.1162063"
129,IHOP,"935 North Stafford Street, Arlington",1.0,4.0,OPERATIONAL,"38.8820903,-77.1100651"
130,El Pollo Rico,"932 North Kenmore Street, Arlington",1.0,4.5,OPERATIONAL,"38.883846,-77.10071599999999"
131,The Melting Pot,"1110 North Glebe Road, Arlington",3.0,4.4,OPERATIONAL,"38.8840717,-77.1169676"
132,Lyon Hall,"3100 Washington Boulevard, Arlington",2.0,4.5,OPERATIONAL,"38.8854693,-77.09496560000001"
133,Screwtop Wine Bar,"1025 North Fillmore Street, Arlington",2.0,4.7,OPERATIONAL,"38.8853921,-77.09273329999999"
135,Rustico Ballston,"4075 Wilson Boulevard, Arlington",2.0,4.3,OPERATIONAL,"38.8801782,-77.1084666"
136,Darna,"946 North Jackson Street, Arlington",2.0,3.6,OPERATIONAL,"38.88403929999999,-77.0996131"
137,Bracket Room Arlington VA,"1210 North Garfield Street, Arlington",2.0,3.7,OPERATIONAL,"38.88696640000001,-77.0941077"
138,Mala Tang,"3434 Washington Boulevard, Arlington",2.0,4.1,OPERATIONAL,"38.8858529,-77.1023227"
139,Bonchon Arlington - N Pershing Dr,"2201 North Pershing Drive Suite E, Arlington",2.0,4.4,OPERATIONAL,"38.8808437,-77.0859378"
152,Bangkok Bistro at Ballston - Heaven & Hell Themed Restaurant,"715 North Glebe Road, Arlington",2.0,3.8,CLOSED_TEMPORARILY,"38.879434,-77.112489"
153,Rocklands Barbeque & Grilling Company- Arlington Store,"3471 Washington Boulevard, Arlington",2.0,4.4,OPERATIONAL,"38.8863441,-77.103471"
154,First Down Sports Bar & Grill,"4213 Fairfax Drive, Arlington",1.0,4.3,OPERATIONAL,"38.882406,-77.111256"
155,Pupatella,"5104 Wilson Boulevard, Arlington",2.0,4.6,OPERATIONAL,"38.8776054,-77.1222229"
156,Big Buns Damn Good Burgers,"4401 Wilson Boulevard, Arlington",2.0,4.5,OPERATIONAL,"38.8807333,-77.1137278"
158,El Paso Cafe,"4235 North Pershing Drive, Arlington",2.0,4.3,OPERATIONAL,"38.8734589,-77.10633090000002"
159,Popeyes Louisiana Kitchen,"4241 North Pershing Drive, Arlington",1.0,3.4,OPERATIONAL,"38.873402,-77.1064665"
160,Ruth's Chris Steak House,"2231 Crystal Drive 11th Floor, Arlington",4.0,4.5,OPERATIONAL,"38.8536822,-77.04838579999999"
162,Buffalo Wild Wings,"2450 Crystal Drive, Arlington",2.0,3.3,OPERATIONAL,"38.8523745,-77.0505323"
163,McCormick & Schmick's Seafood & Steaks,"2010 Crystal Drive, Arlington",3.0,3.9,OPERATIONAL,"38.8558384,-77.04960020000001"
164,Chipotle Mexican Grill,"1100 South Hayes Street, Arlington",1.0,3.5,OPERATIONAL,"38.8632757,-77.0605838"
165,Jaleo,"2250 Crystal Drive, Arlington",2.0,4.4,OPERATIONAL,"38.85365240000001,-77.0498771"
166,Crystal City Restaurant - Gentleman's Club,"422 23rd Street South, Arlington",,4.1,OPERATIONAL,"38.8531461,-77.0531055"
167,Thaiphoon,"1301 South Joyce Street Suite D - 4, Arlington",2.0,4.1,OPERATIONAL,"38.8630353,-77.0628742"
168,Asia Bistro,"1301 South Joyce Street D7, Arlington",2.0,4.2,OPERATIONAL,"38.8625037,-77.0631691"
169,Kabob Palace,"2315 South Eads Street, Arlington",2.0,4.1,OPERATIONAL,"38.852955,-77.05324499999999"
170,Siné,"1301 South Joyce Street, Arlington",2.0,4.3,OPERATIONAL,"38.86299619999999,-77.0627286"
171,Chick-fil-A,"2200 Crystal Drive Ste G, Arlington",1.0,4.5,OPERATIONAL,"38.854406,-77.0500825"
172,Saigon Saigon,"1101 South Joyce Street Ste B16, Arlington",2.0,4.4,OPERATIONAL,"38.8645546,-77.06285489999999"
173,The Portofino Restaurant,"526 23rd Street South, Arlington",2.0,4.2,OPERATIONAL,"38.8531161,-77.0541527"
174,Chevys Fresh Mex,"1201 South Hayes Street, Arlington",2.0,4.0,OPERATIONAL,"38.8623896,-77.0592377"
175,Freddie's Beach Bar & Restaurant,"555 23rd Street South, Arlington",2.0,4.5,OPERATIONAL,"38.8534494,-77.0549126"
176,Morton's The Steakhouse,"1750 Crystal Drive, Arlington",4.0,3.9,CLOSED_TEMPORARILY,"38.8584437,-77.0496525"
177,Auntie Anne's,"Metro Level, 1100 South Hayes Street Space C02, Arlington",1.0,3.5,OPERATIONAL,"38.8629266,-77.0604967"
178,Lebanese Taverna,"1101 South Joyce Street, Arlington",2.0,4.3,OPERATIONAL,"38.8637372,-77.0628576"
179,Good Stuff Eatery,"2110 Crystal Drive, Arlington",2.0,4.4,OPERATIONAL,"38.854971,-77.049696"
184,The Italian Store,"3123 Lee Highway, Arlington",1.0,4.7,OPERATIONAL,"38.89670700000001,-77.096396"
198,Summers Restaurant,"1520 North Courthouse Road, Arlington",2.0,3.9,OPERATIONAL,"38.891292,-77.084161"
218,Zen Bistro & Wine Bar,"1301 South Joyce Street Ste D9, Arlington",2.0,4.3,OPERATIONAL,"38.8625037,-77.0631691"
219,California Pizza Kitchen at Pentagon,"1201 South Hayes Street Ste. F, Arlington",2.0,4.0,OPERATIONAL,"38.86293659999999,-77.0591838"
220,The Cheesecake Factory,"1796 International Drive, McLean",2.0,4.2,OPERATIONAL,"38.9236397,-77.2246007"
221,Maggiano's Little Italy,"2001 International Drive, McLean",2.0,4.3,OPERATIONAL,"38.92328759999999,-77.2244611"
222,Wasabi,"1961 Chain Bridge Road, McLean",2.0,4.0,OPERATIONAL,"38.9180222,-77.22133889999999"
223,Härth,"7920 Jones Branch Drive, McLean",2.0,4.2,OPERATIONAL,"38.9266596,-77.2162381"
224,Häagen-Dazs,"1961 Chain Bridge Road, McLean",2.0,4.2,OPERATIONAL,"38.9177832,-77.2199409"
225,Coastal Flats,"7860-L Tysons Corner Center, McLean",2.0,4.5,OPERATIONAL,"38.9179854,-77.218994"
226,The Palm - Tysons,"1750 Tysons Boulevard, Tysons",4.0,4.4,OPERATIONAL,"38.9239957,-77.22285149999999"
227,Gordon Biersch Brewery Restaurant,"7861 Tysons Corner Center, McLean",2.0,3.9,OPERATIONAL,"38.91744810000001,-77.21891380000001"
228,Tower Club - Tysons Corner,"8000 Towers Crescent Drive Suite 1700, Vienna",,4.6,OPERATIONAL,"38.9145156,-77.2195074"
229,P.F. Chang's,"1716M International Drive, McLean",2.0,3.7,OPERATIONAL,"38.9239218,-77.22693029999999"
230,Chima Steakhouse,"8010 Towers Crescent Plaza, Tysons",3.0,4.5,OPERATIONAL,"38.914568,-77.2208916"
231,California Pizza Kitchen at Tysons Corner,"7939 Tysons Corner Ctr, Ste. L Tysons Corner, McLean",2.0,4.1,OPERATIONAL,"38.917345,-77.221172"
232,Pita Tortilla,"7926 Jones Branch Drive, McLean",,3.0,OPERATIONAL,"38.9277598,-77.2156213"
233,Lebanese Taverna,"2001 International Drive UNIT 1402, McLean",2.0,4.3,OPERATIONAL,"38.92347039999999,-77.22484279999999"
234,"American Girl Washington, D.C.","8090 Tysons Corner Center, McLean",1.0,4.4,OPERATIONAL,"38.91665649999999,-77.2237802"
235,Wildfire,"2001 International Drive, McLean",3.0,4.3,OPERATIONAL,"38.92328759999999,-77.2244611"
236,Seasons 52,"7863L Tysons Corner Center, McLean",2.0,4.3,OPERATIONAL,"38.9175207,-77.2190786"
237,Lost Dog Cafe - McLean,"1690 Anderson Road suite a suite a, McLean",1.0,4.3,OPERATIONAL,"38.9222024,-77.20175429999999"
238,Subway,"1961 Chain Bridge Road, McLean",1.0,3.8,OPERATIONAL,"38.918439,-77.221318"
239,Fleming’s Prime Steakhouse & Wine Bar,"1960 A, Chain Bridge Road, McLean",4.0,4.4,OPERATIONAL,"38.9202674,-77.22708829999999"
275,Rhodeside Grill,"1836 Wilson Boulevard, Arlington",2.0,4.3,OPERATIONAL,"38.892966,-77.080254"
279,Green Pig Bistro,"1025 North Fillmore Street, Arlington",2.0,4.5,OPERATIONAL,"38.886151,-77.092674"
292,Nando's Peri-Peri,"1301 South Joyce Street Ste D10, Arlington",2.0,4.5,OPERATIONAL,"38.8630978,-77.0631254"
293,Epic Smokehouse,"1330 South Fern Street, Arlington",2.0,4.2,OPERATIONAL,"38.8610324,-77.05619039999999"
294,Skydome Restaurant,"300 Army Navy Drive, Arlington",3.0,3.9,OPERATIONAL,"38.8640636,-77.0527263"
295,Panera Bread,"1100 South Hayes Street, Arlington",2.0,4.1,OPERATIONAL,"38.8632005,-77.06102539999999"
296,Panda Express,"1100 S. Hayes St. #m126, Arlington",1.0,3.7,OPERATIONAL,"38.8636026,-77.0605145"
297,Fyve Restaurant Lounge,"1250 South Hayes Street #5000, Arlington",3.0,4.5,OPERATIONAL,"38.862641,-77.06059499999999"
298,Popeyes Louisiana Kitchen,"Mall, 1100 S Hayes St - Space M108 The Fashion Center, Arlington",1.0,3.3,OPERATIONAL,"38.8632757,-77.0605838"
299,Tasteful Delight,"1301 South Joyce Street # D23, Arlington",2.0,3.9,OPERATIONAL,"38.862436,-77.063347"
340,Lost Dog Cafe,"5876 Washington Boulevard, Arlington",2.0,4.6,OPERATIONAL,"38.88535640000001,-77.1419818"
341,Dogwood Tavern,"132 West Broad Street, Falls Church",2.0,4.4,OPERATIONAL,"38.88299199999999,-77.17197159999999"
342,Clare & Don's Beach Shack,"130 North Washington Street, Falls Church",2.0,4.5,OPERATIONAL,"38.8826624,-77.17016269999999"
343,Ireland's Four Provinces,"105 West Broad Street, Falls Church",2.0,4.5,OPERATIONAL,"38.8824021,-77.17181269999999"
344,Lebanese Taverna,"5900 Washington Boulevard, Arlington",2.0,4.4,OPERATIONAL,"38.8856145,-77.1422699"
345,Chasin' Tails,"2200 North Westmoreland Street, Arlington",2.0,4.4,OPERATIONAL,"38.88655000000001,-77.162949"
346,La Côte D'Or Café,"6876 Lee Highway, Arlington",3.0,4.4,OPERATIONAL,"38.886775,-77.162649"
347,The Honey Baked Ham Company,"360 West Broad Street, Falls Church",2.0,3.9,OPERATIONAL,"38.8851207,-77.1745601"
349,Maneki Neko Japanese Restaurant,"238 West Broad Street, Falls Church",2.0,4.6,OPERATIONAL,"38.8836111,-77.17277779999999"
351,Pho 88 Restaurant,"232 West Broad Street, Falls Church",1.0,4.3,OPERATIONAL,"38.88352190000001,-77.17261959999999"
354,Paisano's,"244 West Broad Street, Falls Church",1.0,4.0,OPERATIONAL,"38.88373199999999,-77.172922"
355,Thai Noy Restaurant,"5880 Washington Boulevard, Arlington",1.0,4.5,OPERATIONAL,"38.8855019,-77.14196780000002"
356,Starbucks,"344 West Broad Street, Falls Church",2.0,4.3,OPERATIONAL,"38.8847233,-77.1741438"
357,Yayla Bistro,"2201 North Westmoreland Street, Arlington",2.0,4.5,OPERATIONAL,"38.8865583,-77.162475"
358,Dunkin',"6607 Wilson Boulevard, Falls Church",1.0,3.0,OPERATIONAL,"38.8750498,-77.1504822"
400,City Kabob and Curry House,"3007 Columbia Pike, Arlington",,4.0,OPERATIONAL,"38.8627531,-77.0882859"
401,The Celtic House Irish Pub & Restaurant,"2500 Columbia Pike, Arlington",2.0,4.7,OPERATIONAL,"38.8629799,-77.0842574"
402,Starbucks,"2413 Columbia Pike, Arlington",2.0,4.2,OPERATIONAL,"38.86347300000001,-77.083996"
403,Chipotle Mexican Grill,"1002 South Glebe Road, Arlington",1.0,3.9,OPERATIONAL,"38.8609515,-77.09225479999999"
404,Wendy's,"3431 Columbia Pike, Arlington",1.0,3.9,OPERATIONAL,"38.8613038,-77.0928089"
405,Subway,"104 McNair Road, Fort Myer",1.0,2.7,OPERATIONAL,"38.87331879999999,-77.07941439999999"
406,Panda Express,"Bldg 441, Pershing Drive, Fort Myer",1.0,4.0,OPERATIONAL,"38.87465419999999,-77.0809739"
407,Burrito Bros,"2599 Columbia Pike, Arlington",1.0,4.6,OPERATIONAL,"38.86333329999999,-77.0847222"
408,The Broiler,"3601 Columbia Pike, Arlington",1.0,4.5,OPERATIONAL,"38.860956,-77.0941888"
409,Rincome Thai Cuisine,"3030 Columbia Pike, Arlington",2.0,4.5,OPERATIONAL,"38.86210769999999,-77.0881583"
410,Good Fortune Chinese Restaurant,"3209 Columbia Pike, Arlington",2.0,3.6,OPERATIONAL,"38.8619824,-77.0904189"
411,Mom's Pizza,"3255 Columbia Pike, Arlington",2.0,4.3,OPERATIONAL,"38.862234,-77.09151299999999"
412,McDonald's,"3013 Columbia Pike, Arlington",1.0,3.6,OPERATIONAL,"38.86262120000001,-77.088517"
413,Pan American Bakery,"4113 Columbia Pike, Arlington",1.0,4.3,OPERATIONAL,"38.8592316,-77.1008268"
414,Pike Bolivian Restaurant,"4111 Columbia Pike, Arlington",2.0,4.2,OPERATIONAL,"38.8592351,-77.1007566"
415,El Rancho Migueleno,"3709 Columbia Pike #1, Arlington",,3.7,OPERATIONAL,"38.8606098,-77.09535869999999"
416,El Puerto Restaurant,"3007 Columbia Pike, Arlington",2.0,3.8,OPERATIONAL,"38.8627778,-77.0883333"
417,Cantina Mexicana,"922 South Walter Reed Drive, Arlington",2.0,4.1,OPERATIONAL,"38.8630205,-77.0873876"
418,Mrs. Chen's Kitchen,"3101 Columbia Pike, Arlington",1.0,3.7,OPERATIONAL,"38.8621828,-77.08933979999999"
419,Abi Azteca Grill & Bar,"3005 Columbia Pike, Arlington",1.0,4.3,OPERATIONAL,"38.862575,-77.088196"
420,Rabieng Thai Restaurant,"5892 Leesburg Pike, Falls Church",2.0,4.6,OPERATIONAL,"38.8537119,-77.1344103"
421,Pollo Campero,"5852 Columbia Pike, Falls Church",1.0,4.1,OPERATIONAL,"38.848728,-77.13399199999999"
422,Stone Hot Pizza,"3829 South George Mason Drive, Falls Church",2.0,4.3,OPERATIONAL,"38.8406469,-77.1208983"
423,Moe's Southwest Grill,"5855 Leesburg Pike, Falls Church",1.0,4.0,OPERATIONAL,"38.85113,-77.132464"
424,Athens Pizza,"3541 Carlin Springs Road, Bailey's Crossroads",2.0,3.3,OPERATIONAL,"38.8469972,-77.1249733"
425,EYO Restaurant and Sports Bar,"3821 South George Mason Drive, Bailey's Crossroads",2.0,4.2,OPERATIONAL,"38.840963,-77.120134"
426,The Perfect Pita,"5205 Leesburg Pike, Skyline Heights Court #112, Falls Church",1.0,4.5,CLOSED_TEMPORARILY,"38.844902,-77.11954419999999"
427,QDOBA Mexican Eats,"5872 Crossroads Center Way, Falls Church",1.0,4.5,OPERATIONAL,"38.85263940000001,-77.1319459"
428,Laze Cafe,"5820 Seminary Road unit N, Falls Church",,4.6,OPERATIONAL,"38.8473877,-77.12765370000001"
429,San Miguel Cafe,"5900-B, Leesburg Pike, Falls Church",,3.9,OPERATIONAL,"38.8545658,-77.1356235"
430,McDonald's,"5603 Leesburg Pike, Falls Church",1.0,3.6,OPERATIONAL,"38.8479719,-77.1249785"
431,Haifa Grill,"3541 Carlin Springs Road, Falls Church",2.0,4.2,OPERATIONAL,"38.84702169999999,-77.1250319"
432,Golden Buffet & Grill,"3490 South Jefferson Street, Bailey's Crossroads",1.0,3.9,OPERATIONAL,"38.8498923,-77.120187"
433,Chipotle Mexican Grill,"3556B South Jefferson Street, Falls Church",1.0,3.8,OPERATIONAL,"38.8478701,-77.1210318"
434,LongHorn Steakhouse,"3562 South Jefferson Street, Falls Church",2.0,4.2,OPERATIONAL,"38.8477787,-77.1190932"
435,District Taco,"5275-C, Leesburg Pike, Falls Church",1.0,4.3,OPERATIONAL,"38.8461354,-77.1200788"
436,Buffalo Wild Wings,"5275 Leesburg Pike B, Bailey's Crossroads",2.0,3.7,OPERATIONAL,"38.846053,-77.1198215"
437,Pho Golden Star,"3537 South Jefferson Street, Falls Church",1.0,4.5,OPERATIONAL,"38.8470935,-77.1176985"
438,Rawal Kabob,Alexandria,,5.0,OPERATIONAL,"38.848219,-77.1174546"
439,Wingstop,"3521 South Jefferson Street, Bailey's Crossroads",2.0,3.7,OPERATIONAL,"38.8478962,-77.1174252"
440,Chipotle Mexican Grill,"3425 Richmond Highway Ste B, Alexandria",1.0,3.8,OPERATIONAL,"38.83577200000001,-77.0512823"
441,Taste of Eurasia,"428 A Hume Avenue, Alexandria",,4.7,OPERATIONAL,"38.8317145,-77.05157419999999"
442,SouvlakiBar Alexandria,"2732 Richmond Highway, Alexandria",1.0,4.4,OPERATIONAL,"38.830788,-77.0512388"
443,Northside 10,"10 East Glebe Road, Alexandria",2.0,4.5,OPERATIONAL,"38.8355351,-77.0572559"
444,Triple Craft,"1 Marina Drive, Alexandria",2.0,3.8,CLOSED_TEMPORARILY,"38.833333,-77.041876"
445,Express Subs & Pizza,"2320 Richmond Highway, Alexandria",2.0,3.6,OPERATIONAL,"38.8273823,-77.05089199999999"
446,Royal Nepal Restaurant,"3807 Mount Vernon Avenue, Alexandria",2.0,4.7,OPERATIONAL,"38.8395962,-77.0623153"
447,Jerry Chan's Restaurant,"3830 Mount Vernon Avenue, Alexandria",,3.6,OPERATIONAL,"38.83966889999999,-77.0628115"
448,Toppers Pizza,"3827 Mount Vernon Avenue, Alexandria",2.0,4.3,OPERATIONAL,"38.840919,-77.062736"
449,Naked Lunch,"3831 Mount Vernon Avenue, Alexandria",,4.6,OPERATIONAL,"38.8410692,-77.0628759"
450,Stomping Ground,"2309 Mount Vernon Avenue, Alexandria",2.0,4.5,OPERATIONAL,"38.8265895,-77.058515"
451,The Bistro – Eat. Drink. Connect.®,"2899 Richmond Highway, Arlington",,3.8,OPERATIONAL,"38.8480409,-77.0519475"
452,McDonald's,"121 West Glebe Road, Alexandria",1.0,3.7,OPERATIONAL,"38.8369122,-77.0607689"
453,Domino's Pizza,"3535 South Ball Street, Arlington",1.0,2.4,OPERATIONAL,"38.8435144,-77.05091449999999"
454,SOCCi,"2800 South Potomac Avenue, Arlington",2.0,3.9,OPERATIONAL,"38.847698,-77.05135"
455,Neighborhood Provisions,"2000 Mount Vernon Avenue, Alexandria",,4.2,OPERATIONAL,"38.82399950000001,-77.0585167"
456,Kaizen Tavern,"1909 Mount Vernon Avenue, Alexandria",2.0,4.5,OPERATIONAL,"38.8235575,-77.0579095"
457,Vocelli Pizza,"3406 Commonwealth Avenue, Alexandria",1.0,3.4,OPERATIONAL,"38.8351458,-77.05839929999999"
458,Reservoir,"Terminal A Gates 1-9, Reagan National Airport, Arlington",,3.7,OPERATIONAL,"38.8480104,-77.0425841"
459,Fresh Kitchen,"2650 Richmond Highway, Arlington",,3.8,CLOSED_TEMPORARILY,"38.84934399999999,-77.0531542"
460,Quickway Japanese Hibachi,"6136 F Arlington Boulevard, Seven Corners",1.0,3.9,OPERATIONAL,"38.8690974,-77.1453333"
461,Dunkin',"6138 Arlington Boulevard Unit E, Falls Church",1.0,3.6,OPERATIONAL,"38.869295,-77.14586740000001"
462,Five Guys,"6134 Arlington Boulevard Suite A, Falls Church",2.0,4.2,OPERATIONAL,"38.8687664,-77.14540819999999"
463,Tropical Smoothie Cafe,"6110 Arlington Boulevard Unit A, Falls Church",1.0,3.9,OPERATIONAL,"38.8688099,-77.1439156"
464,Cafe Rio Mexican Grill,"6108-A Arlington Boulevard, Falls Church",2.0,4.3,OPERATIONAL,"38.8686654,-77.1439443"
466,Happy Lamb Hot Pot,"6799 Wilson Boulevard #10, Falls Church",2.0,4.2,OPERATIONAL,"38.8729014,-77.1540278"
467,Saigon West,"6751 Wilson Boulevard, Falls Church",,4.2,OPERATIONAL,"38.87304769999999,-77.15472790000001"
468,Kao Sarn Thai Street Food,"Eden Center, 6795 Wilson Boulevard Unit 12, Falls Church",2.0,4.4,OPERATIONAL,"38.8729719,-77.1546992"
469,Gom Tang E,"6795 Wilson Boulevard, Falls Church",1.0,4.2,CLOSED_TEMPORARILY,"38.8728164,-77.1548273"
470,Truong Nguyen,"6795 Wilson Boulevard, Falls Church",,,OPERATIONAL,"38.8730102,-77.1547358"
471,Rice Paper - Taste of Vietnam,"6775 Wilson Boulevard, Falls Church",2.0,4.3,OPERATIONAL,"38.8739233,-77.1551188"
472,Fairfax Inn Restaurant,"2946 Sleepy Hollow Road, Falls Church",1.0,4.2,OPERATIONAL,"38.8709222,-77.1572611"
473,Marks Duck House,"6184-a Arlington Boulevard, Falls Church",2.0,4.0,OPERATIONAL,"38.870086,-77.14752"
474,Pistone's Italian Inn,"6320 Arlington Boulevard, Falls Church",2.0,4.3,OPERATIONAL,"38.8728857,-77.1578976"
475,Phung Hoang Restaurant,"6795 Wilson Boulevard # 39, Falls Church",,4.4,OPERATIONAL,"38.8730298,-77.15489699999999"
476,Tranh Truc,"6795 Wilson Boulevard #29, Falls Church",1.0,3.6,OPERATIONAL,"38.873129,-77.1545897"
477,Little Saigon Restaurant,"6218 Wilson Boulevard, Falls Church",1.0,4.3,OPERATIONAL,"38.8736537,-77.14917009999999"
478,Uptown Cafe,"6400 Arlington Boulevard # 103, Falls Church",2.0,2.1,OPERATIONAL,"38.87282299999999,-77.16014179999999"
479,Popeyes Louisiana Kitchen,"6134 Arlington Boulevard, Falls Church",1.0,3.4,OPERATIONAL,"38.8688229,-77.1457016"
481,BOURBON STEAK,"2800 Pennsylvania Avenue Northwest, Washington",4.0,4.5,OPERATIONAL,"38.9044739,-77.0578046"
482,Bangkok Joe's,"3000 K Street Northwest, Washington",2.0,4.2,OPERATIONAL,"38.9022542,-77.0600058"
483,Degrees Bistro,"3100 South Street Northwest, Washington",2.0,4.4,CLOSED_TEMPORARILY,"38.90310300000001,-77.061784"
485,Bodega Spanish Tapas & Lounge,"3116 M Street Northwest, Washington",2.0,4.2,OPERATIONAL,"38.9050725,-77.0617676"
486,Thunder Burger & Bar,"3056 M Street Northwest, Washington",2.0,4.4,OPERATIONAL,"38.9050872,-77.0607473"
487,J.Paul's,"3218 M Street Northwest, Washington",2.0,4.0,OPERATIONAL,"38.905006,-77.063467"
488,il Canale,"1065 31st St NW, Washington",2.0,4.4,OPERATIONAL,"38.9044867,-77.0609661"
491,Nick's Riverside Grill,"3050 K Street Northwest, Washington",2.0,3.7,OPERATIONAL,"38.9016055,-77.0604934"
492,Ristorante Piccolo,"1068 31st St NW, Washington",2.0,4.4,OPERATIONAL,"38.9046876,-77.0613259"
495,Sushi Rock,"1900 Clarendon Boulevard, Arlington",2.0,4.3,OPERATIONAL,"38.89148429999999,-77.0813082"
496,TNR Cafe,"2049 Wilson Boulevard, Arlington",1.0,4.4,OPERATIONAL,"38.8919529,-77.08408299999999"
499,Guajillo,"1727 Wilson Boulevard, Arlington",2.0,4.3,OPERATIONAL,"38.89413599999999,-77.0790114"
500,Capriotti's Sandwich Shop,"1500 Wilson Boulevard, Rosslyn",1.0,3.8,OPERATIONAL,"38.894565,-77.07464999999999"
501,Perfect Pita,"1735 North Lynn Street, Arlington",1.0,4.5,CLOSED_TEMPORARILY,"38.8952952,-77.0702723"
502,Subway,"1401 Wilson Boulevard Suite 106, Arlington",1.0,3.7,OPERATIONAL,"38.8957425,-77.0737256"
503,Golden Gobi,"1655 North Lynn Street, Arlington",,5.0,OPERATIONAL,"38.893776,-77.0714005"
504,Sfoglina Rosslyn,"1100 Wilson Boulevard, Arlington",,4.4,OPERATIONAL,"38.89458269999999,-77.0705723"
505,Mazza Kitchen,"1101 Wilson Boulevard, Arlington",,5.0,OPERATIONAL,"38.8955261,-77.0699222"
506,CAVA,"1201 Wilson Boulevard Ste 211, Arlington",1.0,4.5,OPERATIONAL,"38.895429,-77.07098479999999"
507,Open Road Rosslyn,"1201 Wilson Boulevard Suite 213, Arlington",,4.7,OPERATIONAL,"38.895595,-77.0712076"
508,Salt,"1201 Wilson Boulevard g113, Arlington",,4.7,OPERATIONAL,"38.8957158,-77.0709931"
509,Taco El Chilango,"1719-1728, 14th Street North, Arlington",1.0,4.8,OPERATIONAL,"38.8905649,-77.0778455"
510,Autenticos Tacos Mexicanos,"1723 14th Street North, Arlington",,5.0,OPERATIONAL,"38.8906716,-77.07806880000001"
511,Amuse at Le Meridien - Arlington,"1121 19th Street North, Arlington",,3.5,CLOSED_TEMPORARILY,"38.89728110000001,-77.0698926"
512,Vitality Bowls Arlington,"1515 Wilson Boulevard, Arlington",2.0,3.9,OPERATIONAL,"38.8948369,-77.0746413"
513,Cosi,"1801 North Lynn Street, Arlington",1.0,,OPERATIONAL,"38.8969184,-77.0707019"
514,Taco Rock,"1501 Wilson Boulevard, Arlington",,4.4,OPERATIONAL,"38.89520160000001,-77.0742466"
515,Subway,"Fort Myer Exchange, 450 McNair Road, Fort Myer",1.0,,OPERATIONAL,"38.88030769999999,-77.0799457"
516,Bethesda Bagels,"1851 North Moore Street, Arlington",,4.4,OPERATIONAL,"38.89669899999999,-77.07143599999999"
517,Nando's Peri-Peri,"1800 North Lynn Street # 100, Arlington",2.0,4.4,OPERATIONAL,"38.896697,-77.071466"
518,The Yard Arlington,"1121 19th Street North, Arlington",,2.7,OPERATIONAL,"38.89728110000001,-77.0698926"
519,Tony Luke's,"The Pentagon, Arlington",2.0,3.3,CLOSED_TEMPORARILY,"38.87185689999999,-77.0562668"
524,Cava Mezze Clarendon,"2940 Clarendon Boulevard, Arlington",2.0,4.5,OPERATIONAL,"38.88737,-77.093582"
526,Alto Fumo Pizzeria,"2909 Wilson Boulevard, Arlington",2.0,4.2,CLOSED_TEMPORARILY,"38.8886111,-77.09361109999999"
527,Delhi Club,"1135 North Highland Street, Arlington",2.0,4.1,OPERATIONAL,"38.8872058,-77.0947752"
528,Endo Sushi,"3000 Washington Boulevard, Arlington",2.0,4.4,OPERATIONAL,"38.8848577,-77.0938"
529,Bakeshop,"1025 North Fillmore Street G, Arlington",2.0,4.6,OPERATIONAL,"38.885537,-77.09251499999999"
532,CIRCA at Clarendon,"3010 Clarendon Boulevard, Arlington",2.0,4.4,OPERATIONAL,"38.88700000000001,-77.0943333"
533,Nam-Viet Restaurant,"1127 North Hudson Street, Arlington",2.0,4.4,OPERATIONAL,"38.88716549999999,-77.09642"
534,Mario's Pizza House,"3322 Wilson Boulevard, Arlington",1.0,4.1,OPERATIONAL,"38.883413,-77.09944"
535,Mexicali Blues,"2933 Wilson Boulevard, Arlington",2.0,4.0,OPERATIONAL,"38.888469,-77.09381599999999"
536,Market Creations,"4100 Fairfax Drive, Arlington",,4.0,OPERATIONAL,"38.8818538,-77.109662"
537,sweetgreen,"4075 Wilson Boulevard, Arlington",2.0,4.3,OPERATIONAL,"38.8801004,-77.1086699"
538,Jimmy John's,"550 North Quincy Street Unit B, Arlington",1.0,4.1,OPERATIONAL,"38.87794679999999,-77.1080197"
539,Chipotle Mexican Grill,"4300 Wilson Boulevard #100, Arlington",1.0,4.0,OPERATIONAL,"38.87984039999999,-77.1123119"
545,Domino's Pizza,"550 North Quincy Street, Arlington",1.0,2.0,OPERATIONAL,"38.87794679999999,-77.1080197"
546,McDonald's,"5009 Wilson Boulevard, Arlington",1.0,3.8,OPERATIONAL,"38.8784597,-77.1214645"
547,Mussel Bar & Grille,"800 North Glebe Road, Arlington",2.0,4.3,OPERATIONAL,"38.88,-77.1147222"
549,Tropical Smoothie Cafe,"3811 Fairfax Drive, Arlington",1.0,4.3,OPERATIONAL,"38.8828062,-77.10583620000001"
551,Grand Cru Wine Bar and Bistro,"4301 Wilson Boulevard #100, Arlington",2.0,4.3,OPERATIONAL,"38.8807971,-77.1127432"
552,O'Sullivan's Irish Pub,"3207 Washington Boulevard, Arlington",2.0,4.4,OPERATIONAL,"38.88618219999999,-77.0971856"
553,Thai Curry,"307 North Glebe Road, Arlington",2.0,3.9,OPERATIONAL,"38.87425760000001,-77.10517329999999"
554,Layalina Restaurant,"5216 Wilson Boulevard, Arlington",2.0,4.2,OPERATIONAL,"38.87708200000001,-77.12473899999999"
555,Zoës Kitchen,"4245 Fairfax Drive Ste 150, Arlington",2.0,4.0,CLOSED_TEMPORARILY,"38.8824917,-77.1124863"
556,Hunan Gate,"4233 Fairfax Drive, Arlington",2.0,3.9,OPERATIONAL,"38.88237030000001,-77.1117175"
557,Which Wich Superior Sandwiches,"4300 Wilson Boulevard # 160, Arlington",1.0,3.8,OPERATIONAL,"38.879886,-77.1124028"
559,Starbucks,"901 North Stuart Street, Arlington",2.0,3.7,OPERATIONAL,"38.8812864,-77.1113862"
562,McDonald's,"2620 Jefferson Davis Highway, Arlington",1.0,3.8,OPERATIONAL,"38.85005880000001,-77.0532238"
564,Starbucks,"2231 Crystal Drive #160, Arlington",2.0,4.2,OPERATIONAL,"38.853793,-77.049236"
570,Five Guys,"2401 Smith Boulevard, Arlington",2.0,4.5,OPERATIONAL,"38.8497653,-77.042041"
573,Enjera Restaurant,"549 23rd Street South, Arlington",2.0,4.4,OPERATIONAL,"38.8534861,-77.0547333"
576,Ted's Montana Grill,"2200 Crystal Drive Suite A, Arlington",2.0,4.3,OPERATIONAL,"38.8541765,-77.0497705"
577,Chipotle Mexican Grill,"2231 Crystal Drive Lbby 100, Arlington",1.0,3.8,OPERATIONAL,"38.8539863,-77.0492307"
578,Einstein Bros Bagels,"space 34 Smith Boulevard terminal B, Arlington",1.0,1.8,OPERATIONAL,"38.8536971,-77.0431433"
579,Häagen-Dazs®,"1100 South Hayes Street, Arlington",2.0,4.2,OPERATIONAL,"38.8632064,-77.06027069999999"
585,Fire Works Pizza - Courthouse,"2350 Clarendon Boulevard, Arlington",2.0,4.3,OPERATIONAL,"38.88988820000001,-77.0872828"
590,Five Guys,"2300 Wilson Boulevard, Arlington",2.0,4.4,OPERATIONAL,"38.8905115,-77.08696119999999"
593,Papa John's Pizza,"2440 Wilson Boulevard, Arlington",1.0,3.6,OPERATIONAL,"38.8903112,-77.08837729999999"
596,Corner Bakery Cafe,"2111 Wilson Boulevard, Arlington",,4.2,OPERATIONAL,"38.89162999999999,-77.085527"
599,Starbucks,"2200 Clarendon Boulevard, Arlington",2.0,4.1,OPERATIONAL,"38.8901703,-77.0859667"
618,Villa Fresh Italian Kitchen,"1100 South Hayes Street, Arlington",1.0,3.1,OPERATIONAL,"38.8634126,-77.0606198"
619,Urban Thai Restaurant,"561 23rd Street South, Arlington",2.0,4.4,OPERATIONAL,"38.85354700000001,-77.05498899999999"
620,The Capital Grille,"1861 International Drive, McLean",4.0,4.7,OPERATIONAL,"38.9161285,-77.2252487"
621,la Madeleine French Bakery & Cafe Tyson's Corner,"7960 Tyson's Corner Center #D8U, McLean",2.0,3.7,CLOSED_TEMPORARILY,"38.918193,-77.221543"
622,"ENTYSE, Wine Bar & Lounge","1700 Tysons Boulevard, McLean",,4.6,OPERATIONAL,"38.92426439999999,-77.2237588"
623,Chipotle Mexican Grill,"7923 L, Tysons Corner Center, McLean",1.0,4.0,OPERATIONAL,"38.9175319,-77.2206992"
624,Starbucks,"2001 International Drive #109, McLean",2.0,4.1,OPERATIONAL,"38.923506,-77.22429799999999"
625,Boulevard Cafe Catering,"8180 Greensboro Drive, McLean",1.0,4.1,OPERATIONAL,"38.9235104,-77.22787819999999"
626,"Universal Gourmet II, Inc","8020 Towers Crescent Drive, Vienna",,4.2,OPERATIONAL,"38.91503540000001,-77.2205595"
627,Silver Diner- Tysons,"8101 Fletcher Street, McLean",2.0,4.3,OPERATIONAL,"38.9168213,-77.2260553"
628,Five Guys,"7856 E Tysons Corner Center, McLean",2.0,4.1,OPERATIONAL,"38.917984,-77.2186589"
629,Warren Cafe,"8000 Westpark Drive, McLean",1.0,5.0,OPERATIONAL,"38.928579,-77.222351"
630,Corner Bakery Cafe,"2001 International Drive Ste 1790M, McLean",1.0,4.0,OPERATIONAL,"38.9243856,-77.2254513"
631,Panera Bread,"7939L Tysons Corner Center, McLean",2.0,3.8,OPERATIONAL,"38.91750799999999,-77.221099"
632,Tysons Social Tavern,"1960 Chain Bridge Road, McLean",,3.8,CLOSED_TEMPORARILY,"38.920693,-77.227367"
633,Grill Kabob,"1961 Chain Bridge Road, McLean",2.0,3.3,OPERATIONAL,"38.9180122,-77.2192436"
634,Subway,"7925 Jones Branch Drive Suite Ll-260, McLean",1.0,3.6,OPERATIONAL,"38.93035359999999,-77.2181221"
635,Eddie V's Prime Seafood,"7900 Tysons One Place, McLean",4.0,4.5,OPERATIONAL,"38.9195003,-77.21967130000002"
636,Fogo de Chão Brazilian Steakhouse,"1775 Tysons Boulevard Suite 50, Tysons",3.0,4.5,OPERATIONAL,"38.923841,-77.221587"
637,Earls Kitchen + Bar,"7902 Tysons One Place, McLean",2.0,4.2,OPERATIONAL,"38.919725,-77.2207578"
638,California Tortilla,"1961 Chain Bridge Road, Tysons",1.0,3.2,OPERATIONAL,"38.91823,-77.21945"
639,Barrel & Bushel,"7901 Tysons One Place, Tysons",2.0,4.1,OPERATIONAL,"38.918728,-77.220006"
672,Mele Bistro,"1723 Wilson Boulevard, Arlington",2.0,4.5,OPERATIONAL,"38.89426580000001,-77.0789422"
683,Subway,"The Pentagon, Main Food Ct #2029, Washington",1.0,4.4,OPERATIONAL,"38.87098,-77.0559597"
684,Dunkin',"Henry G. Shirley Memorial Highway, Washington",1.0,3.8,OPERATIONAL,"38.871009,-77.055971"
685,sweetgreen,"575 12th Road South Ste B2, Arlington",2.0,4.3,OPERATIONAL,"38.862587,-77.05636989999999"
686,Starbucks,"1201 South Fern Street Space B3, Arlington",2.0,4.2,OPERATIONAL,"38.86249000000001,-77.056502"
687,Roti Modern Mediterranean,"1211 South Fern Street, Arlington",1.0,4.3,CLOSED_TEMPORARILY,"38.8623863,-77.0565578"
688,honeygrow,"1100 South Hayes Street, Arlington",2.0,4.2,CLOSED_TEMPORARILY,"38.8632757,-77.0605838"
689,Charleys Philly Steaks,"1100 S Hayes St Ste VC07, Arlington",1.0,4.2,OPERATIONAL,"38.86329190000001,-77.06072929999999"
690,McDonald's,"1100 South Hayes Street, Arlington",1.0,3.5,OPERATIONAL,"38.8632632,-77.0608809"
691,Great Wraps,"FASHION CENTER AT PENTAGON CITY MALL, 1100 South Hayes Street, Arlington",1.0,3.4,OPERATIONAL,"38.86315189999999,-77.0610593"
692,pentagon city,"1100 South Hayes Street Suite H20, Arlington",,,OPERATIONAL,"38.86300909999999,-77.06106390000001"
693,Costco Food Court,"1200 South Fern Street, Arlington",1.0,4.2,OPERATIONAL,"38.8610997,-77.0578141"
694,Basic Burger,"1101 South Joyce Street, Arlington",2.0,4.2,OPERATIONAL,"38.863616,-77.062545"
695,Bonefish Grill,"1101 South Joyce Street B-26, Arlington",2.0,4.4,OPERATIONAL,"38.8639435,-77.06303"
696,Marketplace Café,"1400 South Hayes Street, Arlington",,3.7,OPERATIONAL,"38.8621207,-77.0611194"
697,A Deli,"1301 South Joyce Street, Arlington",,4.2,OPERATIONAL,"38.8622732,-77.0633351"
698,Auntie Anne's,"1675 Crystal Drive, Arlington",1.0,3.0,OPERATIONAL,"38.8585709,-77.0512047"
699,Subway,"1664-E Crystal Square Arcade Inside 1750, Crystal Drive, Arlington",1.0,3.7,OPERATIONAL,"38.8583302,-77.05021380000001"
740,Hot N Juicy Crawfish,"116 West Broad Street, Falls Church",2.0,4.4,OPERATIONAL,"38.8827132,-77.171534"
745,Chef Bon's Yum Truck,"140 Little Falls Street #105, Falls Church",,3.0,OPERATIONAL,"38.8844458,-77.1727463"
748,Lucky Thai Restaurant,"240 West Broad Street, Falls Church",2.0,4.3,OPERATIONAL,"38.88362999999999,-77.1727891"
750,The Italian Store,"5837 N Washington Boulevard, Arlington",,4.7,OPERATIONAL,"38.8851245,-77.14034029999999"
751,Subway,"121 E. Annandale Road Space #4, Falls Church",1.0,3.0,OPERATIONAL,"38.8801307,-77.1728037"
752,Dunkin',"101 East Annandale Road, Falls Church",1.0,4.1,OPERATIONAL,"38.8802586,-77.1727378"
753,Caribbean Plate,"133 East Annandale Road, Falls Church",2.0,4.4,OPERATIONAL,"38.8799103,-77.1727554"
754,Chipotle Mexican Grill,"358 West Broad Street, Falls Church",1.0,3.8,OPERATIONAL,"38.8850655,-77.1745479"
755,Stray Cat Cafe,"5866 Washington Boulevard, Arlington",1.0,4.4,OPERATIONAL,"38.8852778,-77.1416667"
757,Hunan Cafe,"126 West Broad Street, Falls Church",2.0,3.7,OPERATIONAL,"38.88299,-77.171912"
758,Ramen Factory 42,"308 South Washington Street, Falls Church",2.0,4.4,OPERATIONAL,"38.88060000000001,-77.173464"
759,Troika Gastronom and Restaurant,"169 Hillwood Avenue, Falls Church",2.0,4.3,OPERATIONAL,"38.8795873,-77.1710872"
800,Caspi Restaurant and Lounge,"2901 Columbia Pike, Arlington",,4.5,OPERATIONAL,"38.8626264,-77.0872206"
801,Tortas Y Tacos La Chiquita,"2911 Columbia Pike, Arlington",1.0,4.7,OPERATIONAL,"38.86258180000001,-77.0874348"
802,Rebellion On The Pike,"2900 Columbia Pike, Arlington",2.0,4.5,OPERATIONAL,"38.8623162,-77.0873263"
803,Boru Ramen,"2915 Columbia Pike, Arlington",2.0,4.5,OPERATIONAL,"38.862564,-77.0875387"
804,Ethio Cafe,"3045 Columbia Pike, Arlington",,4.1,OPERATIONAL,"38.8625617,-77.0889577"
805,Pho Harmony & Grill,"3203 Columbia Pike, Arlington",,4.8,CLOSED_TEMPORARILY,"38.8620382,-77.0901015"
806,Family Kabobs House,"3205 Columbia Pike, Arlington",,4.7,OPERATIONAL,"38.8620329,-77.090154"
807,Panda Bowl,"3207 Columbia Pike, Arlington",,4.5,OPERATIONAL,"38.862039,-77.0902156"
808,Panda Bowl Restaurant,"3207 Columbia Pike, Arlington",,3.8,OPERATIONAL,"38.862039,-77.0902156"
809,Takohachi Japanese Restaurant,"3249 Columbia Pike, Arlington",1.0,4.5,OPERATIONAL,"38.8621694,-77.0913889"
810,DC Slices Pizza Kitchen,"951 South Monroe Street, Arlington",,5.0,OPERATIONAL,"38.861156,-77.0939179"
811,Sofia's Pupuseria,"3610 Columbia Pike, Arlington",,4.1,OPERATIONAL,"38.8604488,-77.094247"
812,Pupatella,"1621 South Walter Reed Drive, Arlington",2.0,4.5,OPERATIONAL,"38.85573129999999,-77.0880359"
813,Perla Del Valle,"36 South Glebe Road, Arlington",2.0,4.1,OPERATIONAL,"38.869693,-77.10011899999999"
814,Pa' Tacos El Papi 3,"South George Mason Drive, Arlington",,5.0,OPERATIONAL,"38.8578081,-77.100622"
815,El Encanto Latino - Food Truck,"947-923 South George Mason Drive, Arlington",,4.6,OPERATIONAL,"38.86039059999999,-77.10227069999999"
816,Angel's Tipicos Food Truck,"923 South George Mason Drive, Arlington",,4.0,OPERATIONAL,"38.8604958,-77.10237149999999"
817,Fort Myer Exchange,"106 McNair Rd, 2nd Street South Bldg. 450, Fort Myer",,4.0,OPERATIONAL,"38.8734105,-77.07933539999999"
818,McDonald's,"40 North Glebe Road, Arlington",1.0,3.7,OPERATIONAL,"38.8709948,-77.1017296"
819,China House,"2249B Shirlington Road, Arlington",2.0,3.7,OPERATIONAL,"38.8492681,-77.08412419999999"
820,Five Guys,"3541 South Jefferson Street, Falls Church",2.0,4.4,OPERATIONAL,"38.8468601,-77.11758429999999"
821,Cinthia's Bakery II LLC,"5037 Columbia Pike, Arlington",1.0,3.8,OPERATIONAL,"38.8555344,-77.1140096"
822,Little Caesars Pizza,"5025 Columbia Pike, Arlington",1.0,3.5,OPERATIONAL,"38.8557587,-77.11356839999999"
823,The Chicken Place,"5519 Leesburg Pike, Falls Church",2.0,4.3,OPERATIONAL,"38.847376,-77.122727"
824,Shell,"5842 Columbia Pike, Falls Church",2.0,4.2,OPERATIONAL,"38.8489547,-77.13360589999999"
825,Balagger Ethiopian Restaurant & Bar,"South George Mason Drive 3813E -F, Falls Church",,4.2,OPERATIONAL,"38.8412468,-77.1189456"
826,Zaaki Restaurant & Cafe,"6020 Leesburg Pike, Falls Church",2.0,3.8,OPERATIONAL,"38.8557817,-77.13833679999999"
827,Paisano's Pizza,"5874 Crossroads Center Way, Falls Church",1.0,3.9,OPERATIONAL,"38.852643,-77.13204800000001"
828,Aphrodite Greek Imports,"5886 Leesburg Pike, Falls Church",,4.7,OPERATIONAL,"38.8538575,-77.134264"
829,Starbucks,"3544 South Jefferson Street #7, Falls Church",2.0,3.7,OPERATIONAL,"38.847811,-77.120496"
830,KFC,"5711 Columbia Pike, Bailey's Crossroads",1.0,3.4,OPERATIONAL,"38.8510946,-77.12658069999999"
831,Bread and Kabob,"3407 Payne Street, Falls Church",2.0,4.2,OPERATIONAL,"38.8527158,-77.1323822"
832,La Paz Restaurant,"5900 Columbia Pike, Falls Church",,4.0,OPERATIONAL,"38.84814660000001,-77.1353287"
833,Abay Market Ethiopian food,"3811 South George Mason Drive A, Falls Church",,4.2,OPERATIONAL,"38.841455,-77.1187372"
834,McDonald's,"5005 Columbia Pike, Arlington",1.0,3.4,OPERATIONAL,"38.8561024,-77.1130783"
835,Skyline Cafe-Ethiopian Cuisine,"3821 South George Mason Drive, Falls Church",2.0,4.3,OPERATIONAL,"38.840889,-77.120077"
836,Z Kabob,"3531 South Jefferson Street, Falls Church",2.0,3.6,OPERATIONAL,"38.8475709,-77.11749189999999"
837,Popeyes Louisiana Kitchen,"5007 Columbia Pike, Arlington",1.0,3.8,OPERATIONAL,"38.85618129999999,-77.11315119999999"
838,Pho Ngoc Hung,"3508 Courtland Drive, Falls Church",1.0,4.6,OPERATIONAL,"38.8483803,-77.13555540000002"
839,Dewan Cafe,"3403 Payne Street, Falls Church",,3.6,OPERATIONAL,"38.8529466,-77.1320825"
840,Marino's Pizza & Subs,"3100 Richmond Highway, Alexandria",,3.7,OPERATIONAL,"38.83379499999999,-77.05165699999999"
841,Tropical Smoothie Cafe,"1556 Potomac Greens Drive, Alexandria",1.0,4.5,OPERATIONAL,"38.8218008,-77.0476407"
842,Thai Peppers Restaurant,"2018 Mount Vernon Avenue, Alexandria",1.0,4.2,OPERATIONAL,"38.8245215,-77.05850149999999"
843,Fresh Chop Chop,"2611 South Clark Street, Arlington",,4.6,OPERATIONAL,"38.849928,-77.05177309999999"
844,Slaters Market,"1552 Potomac Greens Drive, Alexandria",,4.8,OPERATIONAL,"38.821653,-77.04755899999999"
845,Huascaran,"3606 Mount Vernon Avenue, Alexandria",1.0,4.1,OPERATIONAL,"38.8381127,-77.06228709999999"
846,Lilian's Restaurant,"3901 Mount Vernon Avenue, Alexandria",2.0,3.8,OPERATIONAL,"38.8414393,-77.0630585"
847,Tsim Yung Chinese Restaurant,"2603 Mount Vernon Avenue, Alexandria",1.0,4.1,OPERATIONAL,"38.8286108,-77.0589272"
848,Waffle Shop,"3864 Mount Vernon Avenue, Alexandria",1.0,4.2,OPERATIONAL,"38.8402801,-77.0630509"
849,Starbucks,"2600 Crystal Drive, Arlington",2.0,4.3,CLOSED_TEMPORARILY,"38.849388,-77.051137"
850,Subway,"3829 Mount Vernon Avenue, Alexandria",1.0,4.1,OPERATIONAL,"38.840966,-77.0627076"
851,Five Guys,"3525 Virginia 110, Alexandria",2.0,4.2,OPERATIONAL,"38.8366547,-77.0511324"
852,CAVA,"3525 Richmond Highway, Alexandria",1.0,4.3,OPERATIONAL,"38.83670559999999,-77.0510944"
853,&pizza - Potomac Yard,"3525 Virginia 110, Alexandria",1.0,4.4,OPERATIONAL,"38.83676409999999,-77.0511192"
854,Caffe Utopia & Bar,"410 East Glebe Road, Alexandria",,4.7,OPERATIONAL,"38.8327007,-77.0518376"
855,The Sushi Bar,"2312 Mount Vernon Avenue, Alexandria",2.0,4.5,OPERATIONAL,"38.8266664,-77.0590098"
856,Daingerfield Island Bar $ Grill,"1 Marina Drive, Alexandria",,3.0,OPERATIONAL,"38.833333,-77.041876"
857,Silpancho’s House,"3401 Mount Vernon Avenue, Alexandria",,4.7,OPERATIONAL,"38.8357597,-77.06038149999999"
858,Streets Market & Cafe,"3108 Mount Vernon Avenue, Alexandria",,4.3,OPERATIONAL,"38.8336111,-77.0602778"
859,Nrgize,"3550 South Clark Street, Arlington",1.0,2.8,CLOSED_TEMPORARILY,"38.843722,-77.0522717"
860,Huong Binh Bakery,"6781 Wilson Boulevard, Falls Church",,4.2,OPERATIONAL,"38.87371709999999,-77.15512629999999"
861,Thanh Son Tofu,"6793 Wilson Boulevard, Falls Church",1.0,4.3,OPERATIONAL,"38.873355,-77.154855"
862,Wendy's,"6349 Seven Corners, Falls Church",1.0,3.6,OPERATIONAL,"38.86815470000001,-77.1519991"
863,McDonald's,"6165 Arlington Boulevard, Falls Church",1.0,3.3,OPERATIONAL,"38.8677434,-77.14649519999999"
864,Live Crawfish & Seafood,"6168 Arlington Boulevard, Falls Church",2.0,3.8,OPERATIONAL,"38.8701172,-77.14677429999999"
865,New Moon,"6619 Wilson Boulevard, Falls Church",2.0,4.2,OPERATIONAL,"38.873786,-77.15162889999999"
866,Nha Trang Restaurant,"6757 Wilson Boulevard #7, Falls Church",1.0,4.1,OPERATIONAL,"38.8742246,-77.1542607"
867,Banh Mi So 1,"6799 Wilson Boulevard Suite 4, Falls Church",1.0,4.2,OPERATIONAL,"38.873017,-77.15387"
868,Willston Centre I,"6164 Arlington Boulevard, Falls Church",,4.2,OPERATIONAL,"38.86981109999999,-77.14653969999999"
869,&pizza - Seven Corners,"6108 Arlington Boulevard, Seven Corners",,2.7,OPERATIONAL,"38.86867000000001,-77.1441389"
870,El Catrin,"2930 Patrick Henry Drive, Falls Church",,3.4,OPERATIONAL,"38.8703485,-77.1467933"
871,Viva Tequila,"6186 Arlington Boulevard, Falls Church",,3.6,OPERATIONAL,"38.8700424,-77.1475775"
872,Desis Chicken and Steak,"6118 Arlington Boulevard, Falls Church",,4.3,OPERATIONAL,"38.8695654,-77.1478647"
873,Chilcanos RestoBar - Peruvian Restaurant & Pollos a la Brasa,"6198 Arlington Boulevard, Falls Church",1.0,4.2,OPERATIONAL,"38.86959039999999,-77.1478563"
874,Southern Fresca,"6184 Arlington Boulevard, Falls Church",,,OPERATIONAL,"38.8698892,-77.1477074"
875,La Panaderia de Paris,"6184 Arlington Boulevard, Falls Church",1.0,3.6,OPERATIONAL,"38.8702114,-77.1474477"
876,Bento Sushi,"6118 Arlington Boulevard, Falls Church",,3.0,OPERATIONAL,"38.8685205,-77.1421484"
877,Pizza Hut Express,"6100 Arlington Boulevard, Falls Church",1.0,3.5,OPERATIONAL,"38.8681122,-77.1420097"
878,Jing Du 17,"6280 Arlington Boulevard, Falls Church",,3.2,CLOSED_TEMPORARILY,"38.87209670000001,-77.1522949"
879,Hong Kong Pearl Seafood Restaurant,"6286 Arlington Boulevard, Falls Church",2.0,4.1,OPERATIONAL,"38.8724111,-77.1526944"
883,Starbucks,"3122 M Street Northwest, Washington",2.0,3.9,CLOSED_TEMPORARILY,"38.905052,-77.06188999999999"
884,Kintaro,"1039 33rd Street Northwest, Washington",2.0,4.0,OPERATIONAL,"38.90470269999999,-77.06587309999999"
886,Revival,"1401 Lee Highway, Arlington",2.0,3.9,OPERATIONAL,"38.8998119,-77.0728802"
887,Saxbys,"3500 O Street Northwest, Washington",1.0,4.3,OPERATIONAL,"38.907614,-77.06925170000001"
894,Miss Saigon Restaurant,"3057 M Street Northwest, Washington",2.0,4.1,CLOSED_TEMPORARILY,"38.905331,-77.0605236"
896,Starbucks,"3050 K Street Northwest, Washington",2.0,3.6,OPERATIONAL,"38.902229,-77.060228"
897,Mai Thai of Georgetown,"LBBY#1, 3251 Prospect Street Northwest, Washington",2.0,4.1,OPERATIONAL,"38.90622379999999,-77.06377739999999"
898,Subway,"1435 North Courthouse Road, Arlington",1.0,4.0,OPERATIONAL,"38.8903755,-77.0834126"
900,Subway,"Wedge 3 434 Pentagon, 100 South Washington Boulevard, Arlington",1.0,3.7,OPERATIONAL,"38.8718568,-77.0562669"
901,South Block,"1550 Wilson Boulevard, Center UNIT 104, Rosslyn",,4.7,OPERATIONAL,"38.8942893,-77.0757833"
902,Sbarro,"Pentagon, 2025 Concessions, Washington",1.0,3.7,CLOSED_TEMPORARILY,"38.8719431,-77.05558909999999"
903,Roll Play,"23 North Lynn Street, Arlington",,5.0,OPERATIONAL,"38.8970085,-77.07116719999999"
904,Happy Endings Eatery,"1800 North Lynn Street, Arlington",,4.5,OPERATIONAL,"38.8969895,-77.07145779999999"
905,QDOBA Mexican Eats,"2024 Concessions Pentagon Room 2C353, Washington",1.0,4.5,OPERATIONAL,"38.8713398,-77.0568389"
906,Bento Sushi,"safeway mall, 1525 Wilson Boulevard, Arlington",,,OPERATIONAL,"38.8952123,-77.0754236"
907,Patton Hall,"214 Jackson Avenue, Fort Myer",,4.6,CLOSED_TEMPORARILY,"38.8834952,-77.0815487"
910,Oby Lee Winery,"3000 Washington Boulevard, Arlington",2.0,4.5,OPERATIONAL,"38.8847186,-77.09378389999999"
911,Rien Tong Restaurant,"3131 Wilson Boulevard, Arlington",1.0,3.5,OPERATIONAL,"38.8871905,-77.0957241"
914,Le Pain Quotidien,"2900 Clarendon Boulevard, Arlington",2.0,4.1,CLOSED_TEMPORARILY,"38.8876232,-77.0932682"
917,Earl's Sandwiches,"2605 Wilson Boulevard, Arlington",1.0,4.6,OPERATIONAL,"38.890092,-77.089905"
918,Masala Express,"2622-A North Pershing Drive, Arlington",1.0,4.0,OPERATIONAL,"38.8803254,-77.0895671"
924,Pizza Roma,"4219 Fairfax Drive, Arlington",2.0,3.4,OPERATIONAL,"38.8825105,-77.111362"
926,Astor Mediterranean,"2300 North Pershing Drive, Arlington",1.0,4.2,OPERATIONAL,"38.8805056,-77.0858361"
927,Pizza Hut,"3311 Lee Highway, Arlington",1.0,2.8,OPERATIONAL,"38.896805,-77.1017075"
932,Natural Cafe,"850 North Randolph Street #119, Arlington",,3.9,OPERATIONAL,"38.88090580000001,-77.1103224"
934,Rus Uz - Arlington,"1000 North Randolph Street #3a, Arlington",2.0,4.4,OPERATIONAL,"38.8826044,-77.1098935"
935,Gli,"1100 North Glebe Road, Arlington",,,OPERATIONAL,"38.88344399999999,-77.118044"
936,Super Pollo,"550 North Quincy Street, Arlington",1.0,4.4,OPERATIONAL,"38.8779445,-77.1079905"
937,Subway,"4227 Fairfax Drive, Arlington",1.0,4.1,OPERATIONAL,"38.8824927,-77.11161539999999"
938,Dunkin',"4201 Wilson Boulevard Suite 130, Arlington",1.0,3.6,OPERATIONAL,"38.8807948,-77.11136429999999"
939,Nando's Peri-Peri,"4401 Wilson Boulevard, Arlington",2.0,4.3,OPERATIONAL,"38.88028,-77.11349"
940,World of Beer,"901 North Glebe Road #105, Arlington",2.0,4.3,CLOSED_TEMPORARILY,"38.8816817,-77.1153451"
941,Crafthouse,"901 North Glebe Road #105, Arlington",2.0,4.3,OPERATIONAL,"38.8814934,-77.11533519999999"
942,Sweet Leaf Cafe,"800 North Glebe Road, Arlington",,4.2,CLOSED_TEMPORARILY,"38.8802755,-77.11479729999999"
943,Stageplate Bistro - Arlington,"900 North Glebe Road, Arlington",2.0,4.6,OPERATIONAL,"38.8808972,-77.115595"
944,Bistro 1521,"900 North Glebe Road #100, Arlington",2.0,4.1,CLOSED_TEMPORARILY,"38.8807511,-77.1157711"
945,Starbucks,"1000 North Glebe Road, Arlington",2.0,4.3,OPERATIONAL,"38.8823003,-77.11646309999999"
946,Sweet Leaf Cafe,"650 North Quincy Street, Arlington",1.0,4.5,OPERATIONAL,"38.8789883,-77.107852"
947,Eat Cafe & Bites,"1000 North Glebe Road, Arlington",,3.9,OPERATIONAL,"38.88225779999999,-77.1168926"
950,Taj of India,"509 23rd Street South, Arlington",2.0,3.9,OPERATIONAL,"38.85358650000001,-77.0537817"
951,BELL20 Restaurant,"1999 Richmond Highway, Arlington",2.0,3.8,CLOSED_TEMPORARILY,"38.856571,-77.051588"
952,Atia Kabob Place,"251 18th Street South, Arlington",1.0,3.6,CLOSED_TEMPORARILY,"38.85811640000001,-77.05098459999999"
955,The Stand,"1601 Crystal Drive, Arlington",,4.2,OPERATIONAL,"38.8582892,-77.0488271"
956,Highline RxR,"2010 Crystal Drive, Arlington",2.0,3.9,OPERATIONAL,"38.8558491,-77.0496249"
957,sweetgreen,"2200 Crystal Drive Ste E, Arlington",2.0,4.4,OPERATIONAL,"38.8543963,-77.0497481"
958,The Athena Pallas Restaurant,"556 22nd Street South, Arlington",2.0,4.6,OPERATIONAL,"38.8538294,-77.0547823"
959,Bob & Edith's Diner,"539 23rd Street South, Arlington",1.0,4.3,OPERATIONAL,"38.85354509999999,-77.0544716"
960,Dunkin',"Ronald Reagan Washington National Airport, 1 Aviation Circle, Arlington",1.0,1.9,OPERATIONAL,"38.8584135,-77.04485319999999"
961,Bonsai Grill,"553 23rd Street South, Arlington",,4.4,OPERATIONAL,"38.8534272,-77.0548195"
962,The Flirt Lounge,"542 23rd Street South, Arlington",,4.0,OPERATIONAL,"38.85314100000001,-77.05454999999999"
963,The Perfect Pita,"2345 Crystal Drive, Arlington",1.0,3.8,OPERATIONAL,"38.8526078,-77.0487332"
972,BGR The Burger Joint,"3129 Lee Highway, Arlington",2.0,4.5,OPERATIONAL,"38.8965456,-77.0966479"
973,Delhi Dhaba,"2424 Wilson Boulevard, Arlington",2.0,3.8,OPERATIONAL,"38.8901133,-77.08813909999999"
977,Starbucks,"3125 Lee Highway, Arlington",2.0,3.4,OPERATIONAL,"38.896585,-77.096572"
983,MeJana - Lebanese Cuisine,"2300 Wilson Boulevard, Arlington",2.0,4.4,OPERATIONAL,"38.8903306,-77.08731630000001"
987,Dunkin',"3520 Lee Highway, Arlington",1.0,3.9,OPERATIONAL,"38.8957082,-77.1040051"
1008,Founding Farmers Tysons,"1800 Tysons Boulevard, Tysons",2.0,4.4,OPERATIONAL,"38.9227085,-77.2225453"
1009,Sabrina's Pollo,"1961 Chain Bridge Road, McLean",,4.1,OPERATIONAL,"38.9180716,-77.219836"
1010,Starbucks,"7922 Tysons Corner Center, McLean",2.0,4.2,OPERATIONAL,"38.918413,-77.22076299999999"
1011,Shake Shack,"7924 Tysons Corner Center, McLean",2.0,4.3,OPERATIONAL,"38.9182542,-77.2209027"
1012,Asian Bistro,"1961 Chain Bridge Road, McLean",1.0,3.6,OPERATIONAL,"38.9178281,-77.2214008"
1013,The Halal Guys,"7943L Tysons Corner Center, McLean",1.0,4.0,OPERATIONAL,"38.9177258,-77.2213977"
1014,Street Kitchen,"7943B Tysons Corner Center, Tysons",2.0,3.4,CLOSED_TEMPORARILY,"38.9176083,-77.2214438"
1015,&pizza - Tysons Corner,"1961 Chain Bridge Road, McLean",1.0,4.3,OPERATIONAL,"38.91794429999999,-77.222049"
1016,sweetgreen,"2001 International Drive, McLean",2.0,4.4,OPERATIONAL,"38.9246898,-77.2248168"
1017,TGI Fridays,"7855E Tysons Corner Center, McLean",2.0,3.8,OPERATIONAL,"38.9175565,-77.2198451"
1018,Kung Fu Tea,"1961 Chain Bridge Road Kiosk #SKS01, McLean",1.0,4.1,OPERATIONAL,"38.918017,-77.2229488"
1019,Marketplace Cafe,"8075 Tysons Corner Center, McLean",,4.9,OPERATIONAL,"38.9167911,-77.22220519999999"
1020,NM Cafe,"2255 International Drive Level One, McLean",2.0,3.0,CLOSED_TEMPORARILY,"38.9228809,-77.2241955"
1021,Harvest Café,"1960 Chain Bridge Road, McLean",,5.0,OPERATIONAL,"38.9207018,-77.2271682"
1022,La Sandia,"7852L Tysons Corner Center, McLean",2.0,4.0,OPERATIONAL,"38.91769559999999,-77.2183421"
1023,Sapphire Tyson's Restaurant,"8201 Greensboro Drive Unit #109, Tysons",2.0,4.2,OPERATIONAL,"38.9223577,-77.22720269999999"
1024,Lobby Shop,"1650 Tysons Boulevard, McLean",,5.0,OPERATIONAL,"38.9250748,-77.2234409"
1025,Panda Express,"7941 L, Tysons Corner Center, McLean",1.0,4.1,OPERATIONAL,"38.9176279,-77.22141409999999"
1026,The Bistro – Eat. Drink. Connect.®,"1960 Chain Bridge Road, McLean",,3.7,OPERATIONAL,"38.92036480000001,-77.2269841"
1027,McDonald's,"7937 Tysons Corner Center, McLean",1.0,3.3,OPERATIONAL,"38.9176086,-77.22106699999999"
1070,Dunkin',"1413 South Fern Street Unit 6, Arlington",1.0,3.9,OPERATIONAL,"38.86042019999999,-77.0560256"
1073,Dunkin',"1687 Crystal Square Arc, Arlington",1.0,3.2,OPERATIONAL,"38.8582019,-77.05127270000001"
1075,Extreme Pizza - Pentagon City,"1419 South Fern Street, Arlington",2.0,4.4,OPERATIONAL,"38.86023960000001,-77.0559854"
1076,Taco Bell,"1100 South Hayes Street, Arlington",1.0,3.5,OPERATIONAL,"38.8635209,-77.0605641"
1077,The Perfect Pita,"1681 Crystal Drive, Arlington",1.0,4.1,OPERATIONAL,"38.8583799,-77.05123429999999"
1078,San Antonio Bar & Grill,"1664 A Crystal Drive, Arlington",2.0,3.7,OPERATIONAL,"38.85830769999999,-77.05044930000001"
1079,Smoothie King,"Pentagon Row Shopping Center, 1101 South Joyce Street Suite B-9, Arlington",2.0,4.4,OPERATIONAL,"38.864703,-77.062518"
1080,Sushi Garden,"1680 Crystal Drive, Arlington",,4.6,OPERATIONAL,"38.8583836,-77.05107129999999"
1081,Soho Cafe,"1225 South Clark Street E-11, Arlington",,4.0,CLOSED_TEMPORARILY,"38.8621157,-77.0508438"
1082,Market Basket,"Arc, 1669 Crystal Square Way, Arlington",,4.0,OPERATIONAL,"38.8588286,-77.0508084"
1083,Larry's Snack Bar,"1 Pentagon, Arlington",,5.0,OPERATIONAL,"38.8706007,-77.0557268"
1084,Rollerz,"Pentagon, District of Freedom #8573311, Washington",,4.3,OPERATIONAL,"38.8709862,-77.05595439999999"
1130,Takumi,"310 South Washington Street B, Falls Church",2.0,4.6,OPERATIONAL,"38.8805701,-77.1735393"
1131,Panjshir Restaurant,"114 East Fairfax Street, Falls Church",2.0,4.4,OPERATIONAL,"38.8802391,-77.1717238"
1136,YUME SUSHI,"2121 North Westmoreland Street A-2, Arlington",,4.7,OPERATIONAL,"38.8864252,-77.1623027"
1137,Cafe Kindred,"450 N South Washington Street Ste F, Falls Church",2.0,4.5,OPERATIONAL,"38.8851972,-77.1653556"
1138,Grand Hunan Restaurant,"5845 Washington Boulevard, Arlington",1.0,3.7,OPERATIONAL,"38.88540589999999,-77.1404913"
1142,Thompson Italian,"124 North Washington Street, Falls Church",,4.6,OPERATIONAL,"38.8826027,-77.1702782"
1143,Khisko Authentic Bolivian Cuisine,Falls Church,,4.1,OPERATIONAL,"38.8744477,-77.154718"
1144,Hoa Vien Quan,Falls Church,,4.3,OPERATIONAL,"38.8744979,-77.15395889999999"
1145,Cafe La Mirage,"6755 Wilson Boulevard, Falls Church",,3.5,OPERATIONAL,"38.8744916,-77.1539438"
1146,Ginsoy Fusion,"6763 Wilson Boulevard Ste 6D, Falls Church",,,OPERATIONAL,"38.8743139,-77.1545268"
1147,Vivi Bubble Tea Eden Center,"6769 Wilson Boulevard, Falls Church",,3.4,OPERATIONAL,"38.8741735,-77.1551003"
